timestamp,level,message
2025-11-01 18:00:18,747,INFO,dataset.shapes train=[320, 4, 128] val=[96, 4, 128] test=[96, 4, 128]
2025-11-01 18:00:18,748,DEBUG,dataset.targets train=[320, 3]
2025-11-01 18:00:18,748,DEBUG,dataset.prices train=[320, 3]
2025-11-01 18:00:18,754,INFO,mixed_precision.enabled device=cuda amp_dtype=float16
2025-11-01 18:00:18,754,INFO,trainer.state stateful=False state_reset=batch warmstart_shuffle=True
2025-11-01 18:00:22,099,DEBUG,epoch=1 reward=-0.24752487568184733 episodes=32
2025-11-01 18:00:22,099,DEBUG,epoch=2 reward=-0.2835952090099454 episodes=32
2025-11-01 18:00:22,099,DEBUG,epoch=3 reward=-0.26905400305986404 episodes=32
2025-11-01 18:00:22,099,DEBUG,epoch=4 reward=-0.2404784574173391 episodes=32
2025-11-01 18:00:22,099,DEBUG,epoch=5 reward=-0.18808737583458424 episodes=32
2025-11-01 18:00:22,099,DEBUG,epoch=6 reward=-0.13703654031269252 episodes=32
2025-11-01 18:00:22,099,DEBUG,epoch=7 reward=-0.11675246455706656 episodes=32
2025-11-01 18:00:22,099,DEBUG,epoch=8 reward=-0.11272334726527333 episodes=32
2025-11-01 18:00:22,099,DEBUG,epoch=9 reward=-0.11175179947167635 episodes=32
2025-11-01 18:00:22,099,DEBUG,epoch=10 reward=-0.11142070614732802 episodes=32
2025-11-01 18:00:22,111,INFO,run.completed duration=3.344s
