{
  "device": "cuda",
  "duration_seconds": 3.344345417999989,
  "hisso": {
    "best_epoch": 10,
    "episodes": 320,
    "profile": {
      "amp_dtype": "torch.float16",
      "amp_enabled": true,
      "batch_episodes": 32,
      "dataset_bytes": 655360,
      "dataset_numpy_to_tensor_time_s": 1.1766000000079657e-05,
      "dataset_transfer_batches": 1,
      "dataset_transfer_time_s": 0.00024243499996146056,
      "device": "cuda",
      "episode_length": 32,
      "episode_time_s_total": 1.9808750380000788,
      "episode_view_is_shared": true,
      "episodes_sampled": 320,
      "epochs": 10,
      "total_time_s": 1.985319137999852
    },
    "reward_mean": -0.1818424778757617,
    "reward_std": 0.06829676996072062,
    "throughput_eps_per_sec": 161.18315381898256,
    "transition_penalty": 0.01
  },
  "history_length": 10,
  "portfolio_metrics": {
    "cum_return": -1.0,
    "log_return": -27.631021115928547,
    "max_drawdown": -1.0,
    "sharpe": -5.8630514596539465,
    "turnover": 2.6548425814038827
  },
  "start_time": "2025-11-01T18:00:18.737500",
  "status": "success",
  "test_loss": 1.568830966949463,
  "timestamp": "2025-11-01T18:00:22.104724",
  "train_loss": 1.4354267120361328,
  "val_loss": 1.4016327857971191
}