timestamp,level,message
2025-11-01 18:00:12,649,INFO,dataset.shapes train=[153, 6] val=[51, 6] test=[52, 6]
2025-11-01 18:00:12,649,DEBUG,dataset.targets train=[153, 3]
2025-11-01 18:00:12,649,DEBUG,dataset.prices train=[153, 3]
2025-11-01 18:00:12,656,INFO,mixed_precision.enabled device=cuda amp_dtype=float16
2025-11-01 18:00:12,656,INFO,trainer.state stateful=False state_reset=batch warmstart_shuffle=None
2025-11-01 18:00:15,334,DEBUG,epoch=1 reward=-0.11111126048490405 episodes=32
2025-11-01 18:00:15,334,DEBUG,epoch=2 reward=-0.11111112148500979 episodes=32
2025-11-01 18:00:15,335,DEBUG,epoch=3 reward=-0.111111119389534 episodes=32
2025-11-01 18:00:15,335,DEBUG,epoch=4 reward=-0.11111111799255013 episodes=32
2025-11-01 18:00:15,335,DEBUG,epoch=5 reward=-0.11111111869104207 episodes=32
2025-11-01 18:00:15,335,DEBUG,epoch=6 reward=-0.11111111822538078 episodes=32
2025-11-01 18:00:15,335,DEBUG,epoch=7 reward=-0.11111111799255013 episodes=32
2025-11-01 18:00:15,335,DEBUG,epoch=8 reward=-0.111111119389534 episodes=32
2025-11-01 18:00:15,347,INFO,run.completed duration=2.678s
