{
  "device": "cuda",
  "duration_seconds": 2.678114048999987,
  "hisso": {
    "best_epoch": 4,
    "episodes": 256,
    "profile": {
      "amp_dtype": "torch.float16",
      "amp_enabled": true,
      "batch_episodes": 32,
      "dataset_bytes": 3672,
      "dataset_numpy_to_tensor_time_s": 3.505000000814107e-05,
      "dataset_transfer_batches": 1,
      "dataset_transfer_time_s": 0.000112887000000228,
      "device": "cuda",
      "episode_length": 32,
      "episode_time_s_total": 1.254643956999871,
      "episode_view_is_shared": true,
      "episodes_sampled": 256,
      "epochs": 8,
      "total_time_s": 1.258196403999932
    },
    "reward_mean": -0.11111113670631312,
    "reward_std": 4.6796199134977094e-08,
    "throughput_eps_per_sec": 203.46584935877294,
    "transition_penalty": 0.0
  },
  "history_length": 8,
  "portfolio_metrics": {
    "cum_return": -1.0,
    "log_return": -27.631021115928547,
    "max_drawdown": -1.0,
    "sharpe": -206.34487955847422,
    "turnover": 0.00011522145302710579
  },
  "start_time": "2025-11-01T18:00:12.646129",
  "status": "success",
  "test_loss": 0.23125164210796356,
  "timestamp": "2025-11-01T18:00:15.342386",
  "train_loss": 0.24508407711982727,
  "val_loss": 0.3035338819026947
}